{"accuracy": [0.34904763102531433, 0.7076190710067749, 0.9985714554786682, 1.0, 1.0, 1.0, 1.0, 1.0, 1.0, 1.0, 1.0, 1.0, 1.0, 1.0, 1.0, 1.0, 1.0, 1.0, 1.0, 1.0, 1.0, 1.0, 1.0, 1.0, 1.0, 1.0, 1.0, 1.0, 1.0, 1.0], "loss": [1.1648454666137695, 0.6739477515220642, 0.02141290344297886, 0.003382650902494788, 0.0016055484302341938, 0.00111089285928756, 0.0008245136123150587, 0.001334624132141471, 0.0008717736345715821, 0.0005569504573941231, 0.00046434352407231927, 0.0005112260114401579, 0.0004951422451995313, 0.00045381311792880297, 0.00035643743467517197, 0.0003489301016088575, 0.0002865740389097482, 0.00032075034687295556, 0.00045921443961560726, 0.00027306826086714864, 0.0003129362012259662, 0.00025836500572040677, 0.0003610273124650121, 0.0002895717625506222, 0.00030189333483576775, 0.0004129480803385377, 0.00034538545878604054, 0.0003366696764715016, 0.00028985869721509516, 0.0003031063824892044], "val_accuracy": [0.3888888955116272, 1.0, 1.0, 1.0, 1.0, 1.0, 1.0, 1.0, 1.0, 1.0, 1.0, 1.0, 1.0, 1.0, 1.0, 1.0, 1.0, 1.0, 1.0, 1.0, 1.0, 1.0, 1.0, 1.0, 1.0, 1.0, 1.0, 1.0, 1.0, 1.0], "val_loss": [1.0612099170684814, 0.025683850049972534, 0.0006225997349247336, 0.00011432306928327307, 4.9718248192220926e-05, 3.075258427998051e-05, 2.0615292669390328e-05, 4.219376205583103e-05, 2.4513596144970506e-05, 1.7684131307760254e-05, 1.549707849335391e-05, 1.370737845718395e-05, 1.1989198355877306e-05, 1.0675790690584108e-05, 9.6853054856183e-06, 9.283439794671722e-06, 8.719718607608229e-06, 8.223812983487733e-06, 7.986720447661355e-06, 7.7628747021663e-06, 7.537172677984927e-06, 7.429885499732336e-06, 7.292133432201808e-06, 7.181138244050089e-06, 7.1331896833726205e-06, 7.0685518949176185e-06, 7.004974122537533e-06, 6.977423709031427e-06, 6.938481874385616e-06, 6.901660526636988e-06], "learning_rate": [0.0010000000474974513, 0.0010000000474974513, 0.0010000000474974513, 0.0010000000474974513, 0.0010000000474974513, 0.0010000000474974513, 0.0010000000474974513, 0.0005000000237487257, 0.0005000000237487257, 0.0005000000237487257, 0.0002500000118743628, 0.0002500000118743628, 0.0002500000118743628, 0.0002500000118743628, 0.0002500000118743628, 0.0001250000059371814, 0.0001250000059371814, 0.0001250000059371814, 6.25000029685907e-05, 6.25000029685907e-05, 6.25000029685907e-05, 3.125000148429535e-05, 3.125000148429535e-05, 3.125000148429535e-05, 1.5625000742147677e-05, 1.5625000742147677e-05, 1.5625000742147677e-05, 7.812500371073838e-06, 7.812500371073838e-06, 7.812500371073838e-06]}